<?xml version="1.0" encoding="UTF-8"?>
<CustomField xmlns="http://soap.sforce.com/2006/04/metadata">
    <fullName>Account__c</fullName>
    <deleteConstraint>SetNull</deleteConstraint>
    <externalId>false</externalId>
    <label>Account</label>
    <referenceTo>Account</referenceTo>
    <relationshipLabel>Soft Drink Orders</relationshipLabel>
    <relationshipName>Soft_Drink_Orders</relationshipName>
    <required>false</required>
    <trackTrending>false</trackTrending>
    <type>Lookup</type>
</CustomField>
