<?xml version="1.0" encoding="UTF-8"?>
<CustomField xmlns="http://soap.sforce.com/2006/04/metadata">
    <fullName>FreshDesk_URL__c</fullName>
    <externalId>false</externalId>
    <formula>&apos;your Fresh desk URL&apos; +  freshDeskId__c</formula>
    <formulaTreatBlanksAs>BlankAsZero</formulaTreatBlanksAs>
    <label>FreshDesk URL</label>
    <required>false</required>
    <trackHistory>false</trackHistory>
    <trackTrending>false</trackTrending>
    <type>Text</type>
    <unique>false</unique>
</CustomField>
