<?xml version="1.0" encoding="UTF-8"?>
<CustomField xmlns="http://soap.sforce.com/2006/04/metadata">
    <fullName>DeliveryInstallationStatus__c</fullName>
    <externalId>false</externalId>
    <label>Delivery/Installation Status</label>
    <required>false</required>
    <trackFeedHistory>false</trackFeedHistory>
    <trackTrending>false</trackTrending>
    <type>Picklist</type>
    <valueSet>
        <valueSetDefinition>
            <sorted>false</sorted>
            <value>
                <fullName>In progress</fullName>
                <default>false</default>
                <label>In progress</label>
            </value>
            <value>
                <fullName>Yet to begin</fullName>
                <default>false</default>
                <label>Yet to begin</label>
            </value>
            <value>
                <fullName>Completed</fullName>
                <default>false</default>
                <label>Completed</label>
            </value>
        </valueSetDefinition>
    </valueSet>
</CustomField>
